{
	"sProcessing":   "Sedang memproses...",
	"sLengthMenu":   "Tampilkan _MENU_ Data",
	"sZeroRecords":  "Tidak ditemukan data yang sesuai",
	"sInfo":         "Menampilkan _START_ sampai _END_ dari _TOTAL_ Data",
	"sInfoEmpty":    "Menampilkan 0 sampai 0 dari 0 entri",
	"sInfoFiltered": "(disaring dari _MAX_ entri keseluruhan)",
	"sInfoPostFix":  "",
	"sSearch":       "Pencarian:",
	"sUrl":          "",
	"oPaginate": {
		"sFirst":    "Pertama",
		"sPrevious": "Sebelumnya",
		"sNext":     "Selanjutnya",
		"sLast":     "Terakhir"
	}
}